Precio;Años;kilómetros;Tipo de combustible;HP;MetColor;Automático;CC;puertas;Peso
13500;23;46986;Diesel;90;1;0;2000;3;1165
13750;23;72937;Diesel;90;1;0;2000;3;1165
13950;24;41711;Diesel;90;1;0;2000;3;1165
14950;26;48000;Diesel;90;0;0;2000;3;1165
13750;30;38500;Diesel;90;0;0;2000;3;1170
12950;32;61000;Diesel;90;0;0;2000;3;1170
16900;27;94612;Diesel;90;1;0;2000;3;1245
18600;30;75889;Diesel;90;1;0;2000;3;1245
21500;27;19700;Gasolina;192;0;0;1800;3;1185
12950;23;71138;Diesel;69;0;0;;3;1105
20950;25;31461;Gasolina;192;0;0;1800;3;1185
19950;22;43610;Gasolina;192;0;0;1800;3;1185
19600;25;32189;Gasolina;192;0;0;1800;3;1185
21500;31;23000;Gasolina;192;1;0;1800;3;1185
22500;32;34131;Gasolina;192;1;0;1800;3;1185
22000;28;18739;Gasolina;192;0;0;1800;3;1185
22750;30;34000;Gasolina;192;1;0;1800;3;1185
17950;24;21716;Gasolina;110;1;0;1600;3;1105
16750;24;25563;Gasolina;110;0;0;1600;3;1065
16950;30;64359;Gasolina;110;1;0;1600;3;1105
15950;30;67660;Gasolina;110;1;0;1600;3;1105
16950;29;43905;Gasolina;110;0;1;1600;3;1170
15950;28;56349;Gasolina;110;1;0;1600;3;1120
16950;28;32220;Gasolina;110;1;0;1600;3;1120
16250;29;25813;Gasolina;110;1;0;1600;3;1120
15950;25;28450;Gasolina;110;1;0;1600;3;1120
17495;27;34545;Gasolina;110;1;0;1600;3;1120
15750;29;41415;Gasolina;110;1;0;1600;3;1120
16950;28;44142;Gasolina;110;0;0;1600;3;1120
17950;30;11090;Gasolina;110;1;0;1600;3;1120
12950;29;9750;Gasolina;97;1;0;1400;3;1100
15750;22;35199;Gasolina;97;1;0;1400;3;1100
15950;27;29510;Gasolina;97;1;0;1400;3;1100
14950;26;32692;Gasolina;97;1;0;1400;3;1100
15500;22;41000;Gasolina;97;1;0;1400;3;1100
15750;26;43000;Gasolina;97;0;0;1400;3;1100
15950;25;25000;Gasolina;97;0;0;1400;3;1100
14950;23;10000;Gasolina;97;1;0;1400;3;1100
15750;32;25329;Gasolina;97;1;0;1400;3;1100
14750;27;27500;Gasolina;97;0;0;1400;3;1100
13950;22;49059;Gasolina;97;0;0;1400;3;1100
16750;27;44068;Gasolina;97;1;0;1400;3;1100
13950;22;46961;Gasolina;97;0;0;1400;3;1100
16950;27;110404;Diesel;90;0;0;2000;5;1255
16950;22;100250;Diesel;90;0;0;2000;5;1255
19000;23;84000;Diesel;90;0;0;2000;5;1270
17950;27;79375;Diesel;90;1;0;2000;5;1255
15800;22;75048;Gasolina;97;1;0;1400;5;1110
17950;22;72215;Diesel;90;1;0;2000;5;1255
21950;31;64982;Gasolina;192;1;0;1800;5;1195
17950;22;62636;Diesel;90;1;0;2000;5;1255
15750;30;57086;Gasolina;97;1;0;1400;5;1110
20500;26;56000;Gasolina;110;1;1;1600;5;1180
21950;27;49866;Gasolina;192;1;0;1800;5;1195
15500;25;49163;Gasolina;110;0;1;1600;5;1165
13250;32;45725;Gasolina;110;1;0;1600;5;1075
15250;28;43210;Gasolina;97;0;0;1400;5;1110
15250;26;43000;Gasolina;97;0;0;1400;5;1110
18950;23;39704;Gasolina;110;1;1;1600;5;1180
15999;30;38950;Gasolina;110;1;0;1600;5;1130
14950;22;37400;Gasolina;97;1;0;1400;5;1110
16500;27;37177;Gasolina;110;0;0;1600;5;1130
18750;31;36544;Gasolina;110;1;0;1600;5;1130
17950;30;33511;Gasolina;110;1;0;1600;5;1130
17950;27;32809;Gasolina;97;1;0;1400;5;1110
16950;26;32181;Gasolina;110;1;0;1600;5;1075
18950;28;30993;Gasolina;110;1;0;1600;5;1130
14950;22;30400;Gasolina;97;1;0;1400;5;1110
22250;22;30000;Diesel;110;1;0;2000;5;1275
15950;25;29719;Gasolina;97;1;0;1400;5;1110
15950;28;29206;Gasolina;97;1;0;1400;5;1110
12995;32;29198;Gasolina;97;1;0;1400;5;1060
18950;28;28817;Gasolina;110;1;0;1598;5;1130
15750;23;28227;Gasolina;97;1;0;1400;5;1110
19950;28;28000;Gasolina;110;0;0;1600;5;1130
16950;23;28000;Gasolina;110;1;0;1600;5;1115
18750;31;25266;Gasolina;110;1;0;1600;5;1130
18450;27;23489;Gasolina;110;0;0;1600;5;1115
16895;29;22575;Gasolina;110;1;0;1600;5;1115
14900;30;22000;Gasolina;97;1;0;1400;5;1110
18950;25;20019;Gasolina;110;1;1;1600;5;1180
17250;29;20000;Gasolina;110;1;0;1600;5;1115
15450;25;17003;Gasolina;97;1;0;1400;5;1110
17950;31;16238;Gasolina;110;1;1;1600;5;1180
16650;25;15414;Gasolina;97;1;0;1400;5;1110
17450;28;8537;Gasolina;110;1;0;1600;5;1130
14900;30;7000;Gasolina;97;1;0;1400;5;1100
17950;20;66966;Diesel;90;1;0;2000;3;1245
15950;19;51884;Gasolina;97;1;0;1400;3;1100
21950;19;50005;Diesel;110;1;0;2000;3;1265
16450;20;48110;Gasolina;97;1;0;1400;3;1100
22250;20;37500;Diesel;90;1;0;2000;3;1260
19950;;34472;Diesel;90;1;0;1995;3;1260
15950;20;33329;Gasolina;97;1;0;1400;3;1100
18900;20;31850;Gasolina;110;0;0;1600;3;1120
19950;17;30351;Diesel;90;1;0;1995;3;1260
15950;19;29435;Gasolina;97;1;0;1400;3;1100
15950;19;25948;Gasolina;97;1;0;1400;3;1100
18750;11;24500;Gasolina;110;1;0;1600;3;1120
17450;18;23902;Gasolina;97;1;0;1400;3;1100
18990;20;23175;Gasolina;110;1;0;1600;3;1120
16250;19;19200;Gasolina;97;1;0;1400;3;1100
18500;13;18000;Gasolina;71;0;0;1400;3;1125
18500;11;16123;Gasolina;110;1;0;1600;3;1105
19450;11;14635;Gasolina;110;1;1;1600;3;1155
16950;19;13748;Gasolina;97;1;0;1400;3;1100
18800;14;11500;Gasolina;110;1;0;1600;3;1045
17450;17;10000;Gasolina;97;1;0;1400;3;1100
17950;20;7187;Gasolina;110;1;0;1600;3;1105
32500;4;1;Diesel;116;0;0;2000;5;1480
31000;4;4000;Diesel;116;1;0;2000;5;1480
31275;4;1500;Diesel;116;1;0;2000;5;1480
24950;8;13253;Diesel;116;1;0;2000;5;1320
24950;8;13253;Diesel;116;1;0;2000;5;1320
22950;7;10000;Diesel;116;1;0;2000;5;1270
24990;8;6000;Diesel;90;1;0;2000;5;1280
21950;8;10841;Diesel;90;1;0;2000;5;1270
17900;7;1;Gasolina;110;1;0;1600;3;1105
19250;20;63000;Diesel;90;1;0;2000;5;1255
22250;17;57313;Diesel;110;1;0;2000;5;1275
18950;13;57037;Gasolina;110;0;0;1600;5;1115
19950;19;51099;Diesel;90;1;0;2000;5;1255
16350;14;40010;Gasolina;110;1;0;1600;5;1115
18950;20;39115;Gasolina;110;1;0;1600;5;1130
16950;17;36012;Gasolina;110;0;0;1600;5;1130
21750;;36000;Gasolina;110;1;0;1600;5;1130
15950;20;36000;Gasolina;110;1;0;1600;5;1075
16500;20;35000;Gasolina;97;1;0;1400;5;1110
17950;17;33740;Gasolina;97;1;0;1400;5;1135
15850;13;33477;Gasolina;110;1;0;1600;5;1075
16250;20;32627;Gasolina;97;1;0;1400;5;1110
15950;20;29797;Gasolina;97;1;0;1400;5;1110
16250;19;29441;Gasolina;97;1;0;1400;5;1110
15950;13;29371;Gasolina;110;1;0;1600;4;1105
16500;20;29000;Gasolina;97;0;0;1400;5;1110
16500;19;27821;Gasolina;97;0;0;1400;5;1110
18450;19;27371;Gasolina;97;0;0;1400;5;1135
16250;13;25170;Gasolina;110;1;0;1600;5;1105
23000;11;25000;Diesel;116;1;0;2000;5;1320
19900;20;23000;Gasolina;110;1;0;1600;5;1130
16450;20;22588;Gasolina;97;1;0;1400;5;1110
23950;19;21684;Gasolina;192;1;0;1800;5;1185
19950;13;21428;Gasolina;110;1;0;1600;5;1130
18500;;20629;Gasolina;110;1;0;1600;4;1090
18950;15;20270;Gasolina;110;1;0;1600;5;1130
16450;;20105;Gasolina;97;0;0;1400;5;1110
20500;20;20000;Gasolina;110;0;1;1600;5;1165
24500;13;19988;Gasolina;110;1;0;1600;5;1130
19450;19;18328;Gasolina;110;0;0;1600;5;1130
20950;14;17896;Gasolina;110;1;1;1600;4;1150
17200;20;17300;Gasolina;97;1;0;1400;5;1110
19950;19;17038;Gasolina;110;0;0;1600;5;1130
18450;10;13747;Gasolina;97;1;0;1400;5;1110
19500;12;13634;Gasolina;110;1;0;1600;5;1115
21750;13;13178;Gasolina;110;1;0;1600;5;1130
16868;15;13157;Gasolina;97;1;0;1400;4;1085
19500;;13000;Gasolina;110;1;0;1600;4;1105
18900;11;12500;Gasolina;110;1;0;1600;5;1115
19750;17;11999;Gasolina;110;1;0;1600;5;1130
19750;;11754;Gasolina;110;0;1;1600;5;1180
18950;;11000;Gasolina;110;1;0;1600;4;1105
20750;17;10000;Gasolina;110;0;0;1598;5;1105
19600;9;7650;Gasolina;110;1;0;1600;5;1115
19500;14;6500;Gasolina;110;1;0;1600;4;1100
17650;11;6155;Gasolina;97;1;0;1400;5;1110
19950;14;6000;Gasolina;110;0;0;1600;5;1130
19950;14;5459;Gasolina;110;1;0;1600;5;1130
20950;14;5278;Gasolina;110;1;1;1600;4;1150
20500;12;5000;Gasolina;110;1;0;1600;5;1130
17795;9;1;Gasolina;98;1;0;1400;4;1065
18245;9;1;Gasolina;110;1;0;1600;5;1075
23750;8;11000;Gasolina;110;1;0;1600;5;1130
19500;8;10077;Gasolina;97;1;0;1400;5;1110
18950;8;10000;Gasolina;97;1;0;1400;5;1110
21950;8;9788;Gasolina;110;1;0;1600;5;1130
19950;8;8574;Gasolina;110;1;0;1600;5;1130
18950;8;7000;Gasolina;110;0;0;1600;5;1115
19950;7;6250;Gasolina;110;1;0;1600;5;1115
21950;8;5000;Gasolina;110;1;0;1600;5;1130
22500;6;3000;Gasolina;110;0;0;1600;5;1130
18500;7;2000;Gasolina;110;0;0;1600;5;1075
18700;7;450;Gasolina;97;1;0;1400;5;1110
21125;2;225;Gasolina;97;1;0;1400;5;1110
21500;2;15;Gasolina;110;1;0;1600;5;1130
17795;1;1;Gasolina;98;1;0;1400;4;1100
18245;1;1;Gasolina;110;1;0;1600;5;1075
6950;43;243000;Diesel;69;0;0;;3;1110
9500;38;180638;Diesel;90;0;0;2000;4;1160
11950;40;179860;Diesel;90;1;0;2000;5;1205
7750;43;178858;GNC;110;0;0;1600;3;1084
11950;40;161000;Diesel;69;1;0;;3;1105
4350;44;158320;Diesel;69;0;0;1800;5;1110
4750;44;131273;Diesel;69;1;0;1800;5;1110
11750;40;130062;Diesel;69;1;0;;5;1140
13250;41;123425;Diesel;69;1;0;;5;1140
11950;37;118217;Gasolina;110;1;0;1600;5;1075
11900;44;110000;Diesel;69;1;0;;5;1095
14750;39;108847;Diesel;90;1;0;2000;5;1205
9950;42;105699;Gasolina;97;1;0;1400;3;1025
11950;39;98823;GNC;110;1;0;1600;5;1119
11495;44;96829;Gasolina;110;1;0;1600;5;1075
11250;40;96518;Gasolina;97;1;0;1400;3;1025
10500;42;92204;Gasolina;110;1;0;1600;5;1075
10450;35;91456;Diesel;69;1;0;;3;1110
12950;43;89968;Diesel;69;1;0;;5;1140
11500;44;89757;Gasolina;110;1;0;1600;3;1045
12500;40;85389;Gasolina;110;1;0;1600;5;1075
10950;43;85017;Gasolina;97;0;0;1400;5;1060
11450;41;84312;Gasolina;110;0;0;1600;5;1080
11950;37;82743;GNC;110;1;0;1600;5;1121
13250;41;81106;Diesel;69;1;0;;5;1140
14750;40;80425;Diesel;90;1;0;2000;5;1205
11790;34;78677;Gasolina;110;1;1;1600;5;1105
11450;40;78425;Gasolina;110;1;0;1600;5;1075
13500;33;78108;Diesel;90;1;0;2000;3;1170
10950;33;77321;Gasolina;110;1;0;1600;5;1075
13500;33;75699;Diesel;69;0;0;;3;1105
10950;41;75697;Gasolina;97;1;0;1400;3;1025
10950;44;74846;Gasolina;97;1;0;1400;3;1025
12950;38;74319;Gasolina;110;1;0;1600;5;1075
11950;43;74285;Gasolina;110;1;0;1600;5;1075
12450;44;74172;Gasolina;110;1;0;1600;5;1615
11950;40;73042;Gasolina;110;1;0;1598;5;1075
14950;44;71793;GNC;110;1;0;1600;4;1067
12450;35;71200;Gasolina;110;1;0;1600;5;1075
12950;38;67805;Gasolina;110;1;0;1600;5;1075
11950;35;65988;Gasolina;110;1;0;1600;3;1040
11690;34;65345;Gasolina;97;1;0;1400;5;1060
12450;42;64564;Gasolina;110;1;0;1600;5;1080
12750;36;63459;Gasolina;97;1;0;1400;5;1060
11925;44;63451;Gasolina;97;0;0;1400;3;1025
12950;33;62000;Gasolina;110;1;0;1600;5;1075
11950;42;61300;Gasolina;97;1;0;1400;3;1030
12900;41;61200;Gasolina;110;1;0;1600;3;1045
11900;41;61000;Gasolina;110;0;0;1600;5;1075
11650;38;60829;Gasolina;110;1;0;1600;5;1075
10950;44;60500;Gasolina;110;0;0;1600;5;1075
13950;35;59500;Diesel;69;1;0;;3;1110
13950;44;59000;Gasolina;110;0;1;1600;5;1110
11950;40;58954;Gasolina;110;1;0;1600;5;1080
10950;38;58798;Gasolina;110;1;0;1600;5;1075
12450;38;58363;Gasolina;110;1;0;1600;3;1055
11950;43;58277;Gasolina;110;1;0;1600;3;1045
13500;33;57711;Diesel;90;1;0;2000;3;1165
11690;33;57269;Gasolina;110;1;0;1600;5;1075
13500;39;56001;Gasolina;110;1;0;1600;5;1075
11950;42;55968;Gasolina;110;0;0;1600;3;1050
12900;39;55678;Gasolina;110;1;0;1600;4;1030
13500;43;55539;Gasolina;110;1;0;1600;5;1085
11750;42;55400;Gasolina;110;0;0;1600;5;1075
11750;33;55350;Gasolina;110;0;0;1600;5;1075
10850;43;54600;Gasolina;110;0;0;1600;4;1030
11750;43;53773;Gasolina;110;1;0;1600;5;1075
14950;42;53719;Gasolina;110;1;1;1600;5;1105
9940;39;53644;Gasolina;110;1;0;1600;5;1075
12900;42;53350;Gasolina;110;0;0;1600;5;1075
13500;38;53000;Gasolina;110;1;0;1600;5;1075
11750;44;52084;Gasolina;97;1;0;1400;3;1025
11950;44;52000;Gasolina;97;0;0;1400;3;1025
13450;33;51945;Gasolina;110;1;0;1600;5;1075
11950;41;51732;Gasolina;97;1;0;1400;3;1025
12495;39;50873;Gasolina;110;1;0;1600;5;1075
13500;41;50856;Gasolina;110;0;0;1600;4;1030
12750;40;50640;Gasolina;110;1;0;1600;5;1075
12000;39;50000;Gasolina;97;1;0;1400;5;1060
11950;38;49500;Gasolina;110;1;0;1600;5;1075
12495;44;49332;Gasolina;110;1;0;1600;5;1080
12450;34;49291;Gasolina;110;1;0;1600;3;1040
14750;40;48952;Diesel;90;1;0;2000;5;1205
10950;39;48945;Gasolina;110;0;0;1600;3;1040
13500;33;48928;Diesel;69;1;0;;3;1105
12950;38;48197;Gasolina;110;1;0;1600;5;1075
13500;35;48052;Diesel;69;1;0;;3;1105
13450;34;48011;Gasolina;110;1;0;1600;4;1030
13500;43;48000;Gasolina;110;1;0;1600;5;1075
11480;41;47350;Gasolina;110;1;0;1600;5;1075
13450;39;46821;Gasolina;97;1;0;1400;5;1060
11495;39;46694;Gasolina;110;0;0;1600;3;1040
12750;43;46515;Gasolina;97;0;0;1400;5;1025
14990;38;46327;Gasolina;110;1;0;1600;3;1055
12950;35;46304;Gasolina;97;1;0;1400;5;1060
12950;40;45886;Gasolina;110;1;0;1600;5;1080
12850;39;45713;Gasolina;97;1;0;1400;5;1085
13950;40;45600;Gasolina;110;1;1;1600;5;1105
11950;41;45287;Gasolina;110;1;0;1600;5;1075
12950;39;45081;Gasolina;110;1;0;1600;5;1075
11700;40;44830;Gasolina;110;1;0;1600;5;1075
9950;37;44757;Gasolina;97;0;0;1400;3;1025
11895;44;44218;Gasolina;97;1;0;1400;5;1060
12950;43;43632;Gasolina;110;1;0;1600;5;1075
12500;36;43427;Gasolina;110;1;0;1600;3;1040
13875;39;43254;Gasolina;110;1;0;1600;5;1075
10500;35;43000;Gasolina;110;0;0;1600;3;1050
12295;33;42823;Gasolina;110;1;0;1600;5;1075
13950;42;42560;Gasolina;110;1;0;1600;5;1080
10950;38;41754;Gasolina;110;0;0;1600;3;1040
12950;44;41499;GNC;110;1;0;1600;5;1103
12850;40;41339;Gasolina;110;1;0;1600;5;1080
13995;35;41000;Gasolina;110;1;0;1600;5;1075
13750;39;40000;Gasolina;110;1;0;1600;3;1055
12750;37;39757;Gasolina;110;1;0;1600;5;1075
12500;41;39659;Gasolina;110;1;0;1600;3;1045
13950;43;39650;Gasolina;110;0;0;1600;3;1055
11500;39;39524;Gasolina;97;1;0;1398;3;1025
13950;44;39516;Gasolina;97;1;0;1400;5;1060
11895;41;39439;Gasolina;97;0;0;1400;5;1060
9950;44;39000;Gasolina;97;1;0;1400;3;1025
13500;42;38932;Gasolina;110;1;0;1600;3;1040
11450;37;38812;Gasolina;97;0;0;1400;3;1025
12450;42;38665;Gasolina;110;1;0;1600;5;1075
12950;40;38653;Gasolina;110;1;0;1600;5;1080
13995;44;38461;Gasolina;110;1;0;1600;5;1080
11750;42;38078;Gasolina;97;0;0;1400;3;1025
11650;39;37782;Gasolina;97;1;0;1400;5;1060
9950;43;37576;Gasolina;97;0;0;1400;3;1030
13950;41;37533;Gasolina;110;1;0;1600;5;1075
12950;44;37389;Gasolina;110;1;0;1600;5;1080
10950;38;37320;Gasolina;97;1;0;1400;3;1025
9900;42;37000;Gasolina;97;1;0;1400;3;1025
11950;44;37000;Gasolina;110;0;0;1600;4;1075
11990;40;36566;Gasolina;110;0;0;1600;5;1090
10750;36;36269;Gasolina;110;1;0;1600;5;1075
13950;37;36074;Gasolina;110;1;1;1600;5;1075
11250;44;36066;Gasolina;110;1;0;1600;3;1040
12950;39;34599;Gasolina;110;1;0;1600;5;1075
11950;41;34000;Gasolina;110;1;0;1600;5;1075
10950;42;33623;Gasolina;97;1;0;1400;3;1025
12950;33;33591;Gasolina;110;1;0;1600;5;1075
12950;35;33258;Gasolina;110;1;0;1600;5;1075
11695;43;33113;Gasolina;110;1;0;1600;5;1075
11000;41;33000;Gasolina;110;1;1;1600;5;1075
13950;35;32941;Gasolina;110;1;0;1600;5;1080
11950;38;32781;Gasolina;110;0;0;1600;5;1075
11750;40;32532;Gasolina;110;1;0;1600;3;1040
12400;34;32431;Gasolina;97;1;0;1400;5;1060
12500;35;32000;Gasolina;110;0;0;1600;3;1040
12900;33;31000;Gasolina;110;1;0;1600;5;1075
12200;41;30989;Gasolina;110;0;0;1600;3;1045
12750;43;30742;Gasolina;110;1;0;1600;3;1040
11950;42;30190;Gasolina;110;1;0;1600;5;1075
11900;41;29716;Gasolina;116;1;0;1600;5;1075
11950;44;29716;Gasolina;110;1;1;1600;3;1070
14950;42;29640;Gasolina;110;0;0;1600;3;1055
11950;41;29056;Gasolina;97;1;0;1400;5;1060
12950;33;28715;Gasolina;110;1;0;1600;5;1075
14950;41;28571;Gasolina;110;0;0;1600;5;1090
13450;40;28362;Gasolina;110;1;0;1600;3;1040
13750;38;28150;Gasolina;110;1;0;1600;5;1075
12950;43;27301;Gasolina;110;1;0;1600;3;1040
12750;33;27240;Gasolina;110;1;0;1600;5;1075
11895;39;27170;Gasolina;97;1;0;1400;5;1060
9950;42;27141;Gasolina;97;1;0;1400;5;1060
12450;38;26262;Gasolina;110;1;0;1600;5;1075
12500;38;26000;Gasolina;97;1;0;1400;5;1060
14950;43;25228;Gasolina;110;1;0;1600;3;1045
13750;39;25062;Gasolina;110;1;0;1600;5;1080
12695;39;24723;Gasolina;110;1;1;1600;4;1060
14990;33;24650;Gasolina;110;1;0;1600;3;1055
12750;43;24553;Gasolina;110;1;0;1600;5;1080
14350;41;24475;Gasolina;110;1;0;1600;5;1030
12950;39;24444;Gasolina;110;1;0;1600;3;1040
11500;35;24011;Gasolina;97;0;0;1400;3;1025
11950;41;24000;Gasolina;97;1;0;1400;3;1025
13450;40;23616;Gasolina;110;1;0;1600;5;1075
12900;38;22865;Gasolina;110;1;0;1600;5;1075
10500;41;22780;Gasolina;86;1;0;1300;5;1035
10950;35;21904;Gasolina;97;0;0;1400;3;1025
11950;41;21651;Gasolina;97;0;0;1400;3;1025
11450;37;21500;Gasolina;110;1;0;1600;5;1030
13250;44;21027;Gasolina;110;1;0;1600;5;1080
10250;39;18500;Gasolina;110;0;0;1600;4;1030
13995;35;18000;Gasolina;110;1;0;1600;5;1075
11950;40;17051;Gasolina;97;0;0;1400;5;1060
13250;33;16512;Gasolina;97;1;0;1400;5;1085
12950;40;16325;Gasolina;110;1;0;1600;5;1080
11750;38;16000;Gasolina;97;1;0;1400;5;1060
11500;39;12000;Gasolina;110;1;0;1600;5;1075
13500;43;10000;Gasolina;97;1;0;1400;5;1060
6500;53;216000;Diesel;69;0;0;;3;1110
6400;51;198167;Diesel;69;0;0;;4;1095
7000;53;176000;Diesel;69;0;0;;3;1105
7750;54;174139;Diesel;72;1;0;2000;4;1100
8900;45;174000;Diesel;69;1;0;;5;1095
8500;55;150000;GNC;110;1;0;1600;3;1075
8950;54;149329;Diesel;72;1;0;2000;5;1135
9900;51;146736;Gasolina;110;1;0;1600;5;1080
10250;53;143513;Diesel;69;0;0;;5;1140
9250;48;142130;GNC;110;0;0;1600;5;1119
7750;48;140700;Diesel;69;1;0;;5;1110
9450;54;138394;Diesel;69;1;0;;4;1095
7750;55;137000;Diesel;72;1;0;2000;5;1135
8250;52;135258;Diesel;69;1;0;;5;1140
9950;49;131364;Gasolina;110;1;0;1600;5;1075
4450;56;129155;Diesel;69;0;0;1800;5;1110
9950;50;126110;Gasolina;110;0;0;1600;3;1055
9000;48;119742;Gasolina;110;1;0;1600;5;1080
9950;53;117913;Diesel;69;1;0;;5;1110
12450;47;117430;Diesel;90;1;0;2000;3;1165
10500;55;117175;Gasolina;110;1;0;1600;4;1035
10750;54;115558;Gasolina;110;1;0;1600;4;1035
8950;53;115113;Gasolina;97;1;0;1400;3;1025
10500;54;115046;Diesel;69;1;0;;5;1140
5150;56;113997;Diesel;72;1;0;2000;5;1135
10950;49;107859;Gasolina;97;0;0;1400;5;1060
9450;52;104805;Gasolina;97;1;0;1400;3;1025
9950;54;103454;Gasolina;110;1;0;1600;5;1075
10950;51;103018;Diesel;69;0;0;;5;1140
11900;47;102352;Gasolina;110;1;0;1600;5;1080
9950;50;102030;Gasolina;97;1;0;1400;5;1060
11950;54;101352;Gasolina;110;0;0;1600;5;1080
7900;50;99865;Gasolina;110;1;0;1600;4;1035
10950;52;99323;Gasolina;110;1;0;1600;3;1055
8950;48;98100;Diesel;69;1;0;;5;1140
11950;51;98040;Gasolina;110;0;0;1600;5;1080
10900;49;97600;Gasolina;110;1;0;1600;3;1045
9950;55;97234;Gasolina;110;0;0;1600;5;1080
9950;51;96135;Diesel;72;0;0;2000;3;1115
10950;54;96100;Gasolina;110;1;0;1600;5;1080
8950;55;94401;Diesel;72;0;0;2000;3;1115
8950;55;94122;Gasolina;86;1;0;1300;3;1015
10500;49;91340;Gasolina;110;1;0;1600;3;1055
8950;53;90200;Gasolina;97;0;0;1400;3;1025
9250;53;90097;Diesel;69;1;0;;5;1140
11500;48;89049;Gasolina;97;1;0;1400;5;1060
9750;52;89000;Gasolina;110;0;0;1600;5;1075
9950;45;87274;Gasolina;110;1;0;1600;3;1040
11450;49;86221;Gasolina;110;0;0;1600;3;1045
12500;54;84598;Gasolina;110;0;0;1600;5;1075
10500;50;83567;Gasolina;110;0;0;1600;5;1075
12950;50;83106;Gasolina;110;1;0;1600;5;1075
12200;50;82805;Gasolina;110;1;0;1600;3;1040
10950;50;82735;Gasolina;97;1;0;1400;3;1030
10950;54;81905;Gasolina;110;1;0;1600;5;1105
11290;49;80320;Gasolina;110;1;1;1600;3;1070
10750;49;80090;Gasolina;97;1;0;1400;3;1030
10895;53;79800;Gasolina;110;0;0;1600;5;1075
11500;47;78785;GNC;110;1;0;1600;5;1119
9750;48;78600;Gasolina;110;1;0;1600;5;1075
10250;55;77780;Gasolina;110;0;0;1600;3;1040
12500;49;77648;Gasolina;110;0;0;1600;4;1030
11950;54;77270;Gasolina;110;1;0;1600;4;1035
10750;50;76167;Gasolina;97;1;0;1400;5;1060
11450;46;75249;Gasolina;110;1;0;1600;4;1035
11950;54;75231;Gasolina;110;1;0;1600;5;1080
11750;48;75045;Gasolina;110;1;0;1600;3;1055
10950;50;74849;Gasolina;110;1;1;1600;4;1060
11950;55;74715;Gasolina;110;1;0;1600;5;1080
10995;49;74656;Diesel;69;0;0;;3;1105
11450;56;74500;Gasolina;97;0;0;1400;3;1025
8900;49;74494;Gasolina;110;1;0;1600;5;1075
10500;50;73634;Gasolina;110;0;0;1587;5;1075
11750;47;73403;Gasolina;110;1;0;1600;5;1075
11450;49;73175;Gasolina;97;1;0;1400;3;1030
12000;52;73000;Gasolina;110;0;0;1600;3;1055
11950;50;72242;Gasolina;110;0;1;1600;3;1070
9850;53;72000;Gasolina;97;1;0;1400;3;1025
10950;54;71725;Gasolina;110;1;0;1600;4;1035
10950;54;71276;Gasolina;110;0;0;1600;5;1080
8695;50;70440;Diesel;69;1;0;;3;1105
10990;53;70239;Gasolina;110;0;0;1600;3;1040
9500;55;69813;Gasolina;97;1;0;1400;3;1025
11950;49;69659;Gasolina;86;0;0;1300;3;1025
10750;46;69574;Gasolina;97;0;0;1400;5;1065
8750;47;69000;Diesel;69;1;0;;5;1140
8750;49;68565;Gasolina;110;1;0;1600;4;1030
11450;55;68520;Diesel;72;1;0;2000;3;1115
9950;46;68414;Gasolina;97;0;0;1400;3;1025
11950;56;66777;Gasolina;110;0;0;1600;5;1090
13950;52;66527;Gasolina;110;1;0;1600;5;1080
11250;54;66063;Gasolina;110;1;0;1600;5;1090
10900;50;65471;Gasolina;97;1;0;1400;5;1060
9750;56;65400;Gasolina;97;1;0;1400;3;1025
9950;52;65170;Gasolina;97;1;0;1400;3;1025
11950;56;65000;Gasolina;110;1;0;1600;5;1075
10450;48;64193;Gasolina;110;1;0;1600;3;1040
8950;54;64000;Gasolina;97;1;0;1400;3;1025
10250;54;63792;Gasolina;110;1;0;1600;5;1075
9930;53;63635;Gasolina;110;1;0;1600;4;1035
10500;54;63135;Gasolina;110;1;0;1600;3;1050
11950;54;63123;Gasolina;110;1;0;1600;4;1035
11500;48;63000;Diesel;69;1;0;;5;1140
11500;55;63000;Gasolina;110;0;0;1600;4;1035
11450;54;62987;Gasolina;110;0;0;1600;5;1080
9900;56;62751;Gasolina;110;0;0;1600;3;1050
9500;54;62519;Gasolina;97;0;0;1400;3;1025
10500;50;62280;Gasolina;97;1;0;1400;5;1060
10750;50;61672;Gasolina;110;0;0;1600;5;1075
8950;54;61000;Diesel;69;0;0;2000;5;1140
12000;56;61000;Gasolina;110;1;0;1600;3;1050
9940;53;60558;Gasolina;110;1;0;1600;4;1105
10950;47;60348;Gasolina;110;0;0;1600;4;1030
10750;54;60239;Gasolina;110;1;0;1600;5;1075
9799;51;59000;Gasolina;97;1;0;1400;3;1025
11750;51;58761;Gasolina;97;0;0;1300;5;1060
11950;54;58745;Gasolina;110;1;0;1600;4;1035
11250;52;58596;Gasolina;110;1;0;1600;3;1045
11750;54;58530;Gasolina;110;0;0;1600;5;1075
10950;55;58377;Gasolina;110;1;0;1600;3;1050
11250;56;58142;Gasolina;110;1;0;1600;5;1080
9950;53;57948;Gasolina;97;1;0;1400;3;1025
9700;51;57645;Gasolina;110;0;0;1600;5;1080
11950;47;57500;Gasolina;110;1;0;1600;4;1105
9900;53;57475;Gasolina;110;0;0;1600;3;1040
9990;55;56743;Gasolina;110;0;0;1600;3;1045
9475;48;56675;Gasolina;97;1;0;1400;3;1025
11500;54;55877;Gasolina;110;1;0;1600;5;1075
11950;53;55500;Gasolina;110;1;0;1600;4;1035
11500;55;54900;Gasolina;97;1;0;1400;5;1060
10500;50;54465;Gasolina;110;0;0;1600;5;1075
10900;46;53700;Gasolina;97;1;0;1400;5;1060
11700;52;53561;Gasolina;97;1;0;1400;5;1060
11900;51;53408;Gasolina;110;1;0;1600;5;1080
13950;51;53268;Gasolina;110;1;0;1600;5;1080
10950;49;53116;Gasolina;97;1;0;1400;3;1025
10500;56;52448;Gasolina;97;0;0;1400;3;1025
10750;55;52149;Gasolina;97;1;0;1400;3;1085
11950;55;52141;Gasolina;110;1;0;1600;5;1070
10000;56;52000;Gasolina;97;0;0;1400;3;1025
10495;48;50967;Gasolina;97;1;0;1400;5;1060
11450;50;50400;Gasolina;110;0;0;1600;5;1080
9400;54;50000;Gasolina;97;1;0;1400;3;1025
11950;51;50000;Gasolina;86;1;0;1300;5;1045
9650;53;49969;Gasolina;110;0;0;1600;5;1075
18950;49;49568;Gasolina;110;1;0;1600;3;1105
11450;51;49473;Gasolina;110;0;0;1600;3;1055
10250;52;49432;Gasolina;110;1;0;1600;3;1050
11450;48;49417;Gasolina;110;1;0;1600;3;1045
9950;54;49366;Gasolina;97;1;0;1400;3;1025
10500;56;48731;Gasolina;110;1;0;1600;3;1055
13750;54;48370;Gasolina;110;1;0;1600;5;1080
9950;48;48071;Gasolina;97;0;0;1400;3;1025
10250;54;47852;Gasolina;110;1;0;1600;4;1030
10850;54;47768;Gasolina;110;0;0;1600;3;1055
11895;52;47689;Gasolina;110;0;0;1600;5;1075
12950;53;47451;Gasolina;110;1;0;1600;3;1055
11950;50;47219;Gasolina;110;1;0;1600;5;1080
10750;56;47211;Gasolina;110;1;0;1600;5;1070
9550;54;46856;Gasolina;97;0;0;1400;5;1060
10950;56;46500;Gasolina;86;0;0;1300;5;1035
11750;52;46449;Gasolina;110;1;0;1600;4;1035
10950;47;46391;Gasolina;110;0;0;1600;5;1075
12450;54;46230;Gasolina;110;1;0;1600;3;1055
10500;52;46029;Gasolina;110;1;0;1600;4;1030
10900;50;46000;Gasolina;97;0;0;1400;3;1025
12950;50;45900;Gasolina;110;1;0;1600;5;1075
10950;47;45850;Gasolina;97;0;0;1400;5;1060
12500;56;45336;Gasolina;110;1;0;1600;5;1080
9950;55;44537;Gasolina;97;0;0;1400;3;1025
10750;56;43700;Gasolina;86;1;0;1300;3;1025
12500;48;43120;Gasolina;97;1;0;1400;3;1030
10450;49;41710;Gasolina;110;0;0;1600;3;1040
10750;52;41700;Gasolina;97;1;0;1400;3;1025
12950;49;41636;Gasolina;110;1;0;1600;5;1105
10995;50;41273;Gasolina;97;0;0;1400;5;1060
11950;49;40836;Gasolina;110;0;1;1600;3;1075
11250;50;40400;Gasolina;97;1;0;1400;5;1060
11950;47;40361;Gasolina;110;1;0;1600;5;1090
13750;54;40325;Gasolina;86;0;0;1300;5;1045
11000;47;40000;Gasolina;110;0;0;1600;5;1080
13500;50;39706;Gasolina;110;1;0;1600;5;1080
10950;54;39291;Gasolina;110;1;0;1600;3;1040
10750;54;39000;Gasolina;97;0;0;1400;3;1025
8950;47;38900;Gasolina;97;1;0;1400;3;1025
12950;51;38403;Gasolina;110;0;0;1600;3;1055
9750;56;37461;Gasolina;97;0;0;1400;3;1025
10900;54;37000;Gasolina;97;1;0;1400;3;1025
10995;55;36406;Gasolina;110;1;0;1600;4;1035
10750;48;36005;Gasolina;97;1;0;1400;5;1065
10950;52;36000;Gasolina;110;1;0;1600;5;1075
13000;49;36000;Gasolina;110;0;0;1600;5;1080
12950;45;36000;Gasolina;110;1;1;1600;3;1070
11500;52;35823;Gasolina;110;0;0;1600;5;1075
10950;56;35230;Gasolina;97;0;0;1400;3;1025
11710;48;35142;Gasolina;110;0;0;1600;3;1055
9980;49;34890;Gasolina;97;0;0;1400;3;1025
12250;51;34882;Gasolina;110;1;0;1600;5;1075
11500;46;34000;Gasolina;110;1;0;1600;5;1075
11950;56;33998;Gasolina;110;0;0;1600;5;1080
11500;55;33230;Gasolina;110;0;0;1600;3;1050
11900;46;33021;Gasolina;110;1;0;1600;5;1080
11930;49;31999;Gasolina;97;0;0;1400;3;1030
10500;52;31579;Gasolina;97;0;0;1400;3;1025
8950;56;31000;Gasolina;97;0;0;1400;3;1025
10450;46;30806;Gasolina;97;1;0;1400;5;1060
10500;55;30461;Gasolina;86;1;0;1300;5;1050
12950;50;29686;Gasolina;110;1;1;1600;3;1075
9950;55;29650;Gasolina;86;0;0;1300;3;1025
12900;52;29500;Gasolina;110;1;0;1600;3;1055
9950;48;28656;Gasolina;97;0;0;1400;3;1085
9950;55;27500;Gasolina;97;1;0;1400;3;1025
10950;48;26938;Gasolina;110;1;0;1600;3;1040
10950;53;26624;Gasolina;97;0;0;1400;5;1060
9950;47;26221;Gasolina;97;1;0;1400;3;1025
10950;50;22648;Gasolina;97;1;0;1400;5;1060
10800;50;22500;Gasolina;97;1;0;1400;3;1025
10500;56;19313;Gasolina;97;0;0;1400;3;1025
10450;50;17619;Gasolina;110;0;0;1600;4;1030
10600;51;17069;Gasolina;97;1;0;1400;3;1025
10450;48;15000;Gasolina;97;1;0;1400;3;1025
12950;50;10210;Gasolina;97;0;0;1400;5;1065
11250;47;5309;Gasolina;110;1;1;1600;3;1070
7500;50;1;Diesel;90;1;0;2000;3;1260
8950;52;31000;Gasolina;97;0;0;1398;3;1025
6950;58;205000;Diesel;72;1;0;2000;4;1100
7900;68;204250;Diesel;72;0;0;2000;3;1115
5950;68;194545;Gasolina;86;0;0;1300;4;1000
7500;59;190900;Diesel;72;1;0;2000;3;1115
7500;62;183500;Diesel;72;1;0;2000;5;1140
6900;;176184;Diesel;72;1;0;2000;3;1115
5751;67;174833;Diesel;72;0;0;2000;4;1100
6950;68;155720;Gasolina;86;1;0;1300;3;1015
7950;67;155500;Gasolina;110;1;0;1600;5;1050
7750;59;154783;Diesel;72;1;0;2000;3;1120
7950;64;154462;Diesel;72;1;0;2000;5;1135
8250;64;150585;Gasolina;110;1;0;1600;3;1065
6250;67;149000;Diesel;90;1;0;2000;5;1135
9500;62;147636;Diesel;72;0;0;2000;5;1135
6900;59;144521;Diesel;72;1;0;2000;5;1135
8450;64;144000;GNC;110;1;0;1600;3;1065
7350;;140168;Diesel;72;1;0;2000;3;1115
8950;68;140000;Gasolina;110;1;0;1600;5;1085
6900;60;139800;Diesel;72;0;0;2000;3;1115
8950;59;137050;GNC;110;1;0;1600;3;1078
8750;61;136956;Gasolina;110;0;0;1600;3;1065
7950;67;135337;GNC;110;1;0;1600;5;1120
8950;64;133769;Diesel;72;1;0;2000;3;1120
8950;58;133405;Diesel;72;1;0;2000;5;1135
8950;;132807;Diesel;72;1;0;2000;5;1135
7950;64;132393;Diesel;72;0;0;2000;5;1135
7750;60;130270;Gasolina;110;0;0;1600;3;1050
7500;59;130000;Diesel;72;1;0;2000;4;1135
8950;67;127000;Diesel;72;1;0;2000;5;1135
9800;67;126800;Diesel;72;0;0;2000;5;1135
9450;66;126452;Gasolina;110;1;0;1600;5;1085
8950;62;125175;Diesel;116;0;0;2000;5;1150
8750;68;125000;Diesel;72;1;0;2000;3;1115
10500;61;123000;Diesel;72;0;0;2000;5;1135
7995;59;121626;Gasolina;86;0;0;1300;5;1050
10450;64;120400;Gasolina;110;0;0;1600;5;1090
9950;66;120000;Diesel;72;0;0;2000;4;1100
9950;68;119541;Gasolina;110;0;0;1600;3;1055
8950;68;119500;Gasolina;110;1;0;1600;5;1070
7950;68;119289;Gasolina;110;1;0;1600;4;1035
10950;57;118833;Gasolina;110;0;0;1600;3;1065
9950;64;118000;Diesel;72;1;0;2000;5;1150
8600;68;117955;Gasolina;110;1;1;1600;4;1065
7250;;117609;Gasolina;86;0;0;1300;3;1015
6950;68;117000;Diesel;72;0;0;2000;3;1115
8000;64;116000;Gasolina;86;0;0;1300;5;1045
9950;58;115715;Gasolina;110;0;0;1600;5;1070
9450;60;115191;GNC;110;1;0;1600;4;1079
7950;68;115071;Gasolina;110;1;0;1600;3;1055
9450;63;115000;GNC;110;0;0;1600;3;1109
9950;64;114846;Gasolina;110;1;0;1600;5;1075
6950;;114383;Diesel;90;0;0;2000;3;1260
8250;59;113700;Gasolina;110;1;0;1600;5;1065
9950;67;113118;Gasolina;86;1;0;1300;3;1020
8250;59;112827;Gasolina;86;1;0;1300;5;1040
9950;68;112116;Gasolina;110;1;0;1600;5;1070
10500;66;112000;Gasolina;110;1;0;1600;3;1065
7950;62;112000;Diesel;72;0;0;2000;4;1135
9750;;111769;Gasolina;110;0;0;1600;3;1065
9250;61;110853;Gasolina;110;1;0;1600;5;1070
9500;68;110287;Gasolina;110;1;0;1600;3;1050
9950;62;109547;Gasolina;110;0;0;1600;5;1075
7750;63;109230;Gasolina;110;0;0;1600;3;1050
9500;68;109150;Gasolina;110;0;0;1600;5;1075
9950;67;108793;Gasolina;110;1;0;1600;4;1035
9750;64;106784;Gasolina;110;0;1;1600;3;1050
9750;58;105942;Gasolina;86;0;0;1300;5;1040
5950;59;105000;Gasolina;86;1;0;1300;3;1015
8500;62;105000;Gasolina;86;0;0;1300;5;1040
8495;68;104299;Gasolina;110;1;0;1600;5;1085
9250;67;104000;Gasolina;86;0;0;1300;3;1020
6900;68;104000;Gasolina;86;1;0;1300;3;1015
8950;58;103458;Gasolina;86;1;0;1300;3;1025
9500;63;103400;Gasolina;110;1;0;1600;5;1075
9250;63;102807;Gasolina;86;0;0;1300;5;1055
9895;68;102494;Gasolina;110;0;0;1600;5;1090
9950;57;102300;Diesel;72;1;0;2000;5;1135
7950;61;102106;Gasolina;110;0;0;1600;3;1050
8750;68;101889;Gasolina;110;1;0;1600;5;1075
8250;57;101791;Diesel;72;0;0;2000;3;1115
8950;63;101469;Gasolina;110;1;0;1600;3;1065
8950;68;101001;Gasolina;110;0;0;1600;5;1075
8950;61;100748;Gasolina;110;0;0;1600;5;1070
8950;;100550;Gasolina;110;1;0;1600;5;1075
9450;67;99781;Gasolina;110;1;0;1600;5;1085
8950;59;98658;Gasolina;86;1;0;1300;3;1020
9250;;98500;Gasolina;110;1;0;1600;5;1075
8750;64;98291;Gasolina;86;0;0;1300;4;1000
9950;61;97648;Gasolina;110;1;0;1600;3;1065
9950;61;97425;Gasolina;110;1;0;1600;5;1075
9900;;97173;Gasolina;86;0;0;1300;3;1015
8950;66;97046;Gasolina;86;1;0;1300;4;1000
8950;67;96000;Gasolina;110;1;0;1600;3;1050
12250;60;96000;Diesel;72;0;0;2000;4;1100
9250;67;95750;Gasolina;110;1;0;1600;5;1070
10250;61;95147;Gasolina;110;1;0;1600;3;1050
8950;68;95000;Gasolina;110;0;0;1600;3;1050
7999;;95000;Gasolina;110;1;0;1600;3;1050
9900;66;94606;Gasolina;110;0;0;1600;3;1065
8250;63;94504;Gasolina;86;1;0;1300;4;1000
10500;;93428;Gasolina;110;1;0;1600;5;1075
8450;;93408;Gasolina;86;0;0;1300;3;1015
9900;68;93296;Gasolina;110;1;0;1600;5;1090
10500;62;93098;Gasolina;110;1;0;1600;5;1075
8500;67;92922;Diesel;72;1;0;2000;4;1100
9500;61;92498;Gasolina;110;1;0;1600;3;1050
9450;;92226;Gasolina;110;0;0;1600;3;1065
9900;68;91505;Diesel;72;0;0;2000;3;1115
8250;64;91333;Gasolina;110;1;0;1600;3;1050
8750;;91246;Gasolina;86;1;0;1300;3;1015
9500;58;91000;Gasolina;110;1;0;1600;5;1075
8450;68;90727;Gasolina;110;0;0;1600;3;1050
8490;62;90000;Gasolina;110;0;0;1600;3;1050
8750;60;89576;Gasolina;110;0;0;1600;4;1035
9750;64;89145;Gasolina;86;1;0;1300;3;1025
9950;63;89000;Gasolina;110;1;0;1600;5;1085
8500;68;88807;Gasolina;110;0;0;1600;3;1050
8450;63;88685;Gasolina;110;0;0;1600;5;1070
7900;62;88667;Gasolina;110;1;0;1600;4;1040
8750;57;88480;Gasolina;110;1;0;1600;3;1050
7950;61;88127;Gasolina;86;0;0;1300;3;1015
6900;62;88000;Gasolina;86;0;0;1300;3;1020
8150;;87821;Gasolina;86;1;0;1300;3;1015
10995;59;87654;Gasolina;86;1;1;1300;5;1065
8900;59;86888;Gasolina;110;1;0;1600;3;1050
9500;59;86871;Gasolina;86;1;0;1300;5;1040
8950;68;86714;Gasolina;110;1;0;1600;4;1035
11500;;85889;Gasolina;110;0;0;1600;3;1065
10450;62;85000;Gasolina;110;1;0;1600;3;1050
10500;60;85000;Gasolina;86;1;0;1300;3;1025
9250;68;84976;Gasolina;110;1;0;1600;4;1035
10950;;84558;Gasolina;110;1;0;1600;5;1120
10450;62;84549;Gasolina;110;0;0;1600;5;1075
9250;68;84482;Gasolina;110;1;0;1600;5;1075
8750;62;83908;Gasolina;110;1;0;1600;5;1070
8750;67;83560;Gasolina;86;0;0;1300;3;1015
9800;68;83000;Gasolina;107;1;1;1600;5;1100
8250;64;82723;Gasolina;86;0;0;1300;3;1015
10450;62;82421;Gasolina;110;1;0;1600;3;1065
9750;58;82254;Gasolina;110;0;0;1600;5;1050
8950;61;82115;Gasolina;110;1;0;1600;3;1055
7450;;82000;Gasolina;86;1;0;1300;3;1015
8450;68;81965;Gasolina;86;1;0;1300;5;1035
8250;66;81250;Gasolina;110;0;0;1600;3;1050
10950;;81192;Gasolina;110;1;0;1600;3;1065
8950;61;81170;Gasolina;110;1;0;1600;4;1040
8750;66;81083;Gasolina;86;0;0;1300;3;1015
10450;61;80714;Gasolina;110;1;0;1600;5;1075
10950;57;80470;Gasolina;110;0;0;1600;5;1085
8450;;80439;Gasolina;110;1;0;1600;4;1035
9950;59;80430;Gasolina;110;1;0;1600;3;1065
9950;68;80426;Gasolina;110;1;0;1600;3;1055
8750;62;80265;Gasolina;86;0;0;1300;3;1015
9950;;80153;Gasolina;110;0;0;1600;5;1070
9500;68;80121;Gasolina;110;0;0;1600;5;1070
8250;;80086;Gasolina;110;1;0;1600;4;1035
10950;62;80000;Gasolina;110;0;0;1600;5;1075
7950;60;80000;Gasolina;86;0;0;1300;5;1015
8250;;80000;Gasolina;86;1;0;1300;2;1015
9895;67;79858;Gasolina;110;1;0;1600;4;1040
9130;67;79762;Gasolina;86;1;0;1300;3;1015
10950;59;79660;Gasolina;86;0;1;1300;5;1065
10500;60;79150;Gasolina;110;1;0;1600;5;1075
8900;61;79000;Gasolina;110;1;0;1600;3;1050
9500;57;78955;Gasolina;86;1;0;1300;5;1045
10950;59;78750;Diesel;90;1;0;1975;5;1155
7950;68;78521;Gasolina;86;0;0;1300;3;1015
7950;64;78356;Gasolina;86;1;0;1300;3;1015
7950;;78076;Gasolina;86;1;0;1300;3;1015
9500;61;78063;Gasolina;107;1;1;1600;5;1100
10950;67;77821;Gasolina;110;1;0;1600;5;1075
9750;68;77695;Gasolina;110;1;0;1600;4;1035
9750;;77500;Gasolina;110;1;0;1600;3;1050
9450;63;77457;Gasolina;110;1;0;1600;3;1055
8950;68;77029;Gasolina;86;1;0;1300;3;1015
8950;68;77008;Gasolina;86;1;0;1300;3;1015
8900;66;76791;Gasolina;110;1;0;1600;5;1070
9950;61;76700;Gasolina;86;1;0;1300;5;1035
8750;67;76569;Gasolina;86;1;0;1300;3;1020
8950;59;76162;Gasolina;110;1;0;1600;5;1075
8990;;76155;Gasolina;110;1;0;1600;4;1035
8950;61;75609;Gasolina;86;1;0;1300;3;1015
8950;62;75569;Diesel;72;1;0;2000;3;1120
9950;67;75429;Gasolina;110;1;0;1600;3;1065
9900;68;75000;Gasolina;110;1;0;1600;5;1075
8950;;75000;Gasolina;86;0;0;1300;3;1015
8950;62;75000;Gasolina;110;1;0;1600;5;1070
9500;66;74963;Gasolina;107;0;1;1600;3;1085
7950;68;74889;Gasolina;86;1;0;1300;3;1015
7750;68;74875;Gasolina;110;0;0;1600;5;1070
8950;63;74747;Gasolina;110;1;0;1600;5;1075
11950;60;74720;Gasolina;110;1;0;1600;5;1085
8950;62;74457;Gasolina;110;0;0;1600;5;1075
11950;60;74337;Gasolina;86;0;0;1300;5;1035
8950;68;74308;Gasolina;110;0;0;1600;3;1050
9950;64;74193;Gasolina;110;0;0;1600;3;1050
8250;;74179;Gasolina;110;1;0;1600;3;1050
8995;67;73936;Gasolina;86;1;0;1300;5;1050
9995;61;73894;Gasolina;110;1;0;1600;3;1065
9250;64;73500;Gasolina;110;1;0;1600;3;1050
10950;64;73376;Gasolina;110;0;0;1600;5;1070
8900;64;73300;Gasolina;86;1;0;1300;3;1015
9500;58;73172;Gasolina;110;1;0;1600;5;1075
9950;58;72928;Gasolina;110;1;0;1600;5;1075
7950;67;72880;Gasolina;86;1;0;1332;3;1015
8250;63;72522;Gasolina;110;1;0;1600;3;1050
9450;64;72000;Gasolina;86;1;0;1300;3;1015
7950;57;72000;Gasolina;86;0;0;1300;3;1015
9500;59;71366;Gasolina;110;0;0;1600;3;1065
8950;;71317;Gasolina;110;0;0;1600;3;1050
10950;62;71000;Gasolina;110;0;0;1600;5;1070
8950;60;70954;Gasolina;110;0;0;1600;3;1050
9450;63;70908;Gasolina;86;0;0;1300;5;1035
8000;58;70560;Gasolina;110;1;0;1600;3;1050
9900;67;70552;Gasolina;110;0;0;1600;5;1075
8950;62;70500;Gasolina;110;1;0;1600;5;1035
10900;60;70453;Diesel;72;0;0;2000;5;1135
9450;59;70218;Gasolina;110;1;0;1600;3;1050
8450;64;70116;Gasolina;110;1;0;1600;4;1035
9500;;70068;Gasolina;110;1;0;1600;5;1075
10500;67;70000;Gasolina;107;1;1;1587;3;1065
6950;68;70000;Gasolina;86;1;0;1300;3;1015
9750;68;69103;Gasolina;110;0;0;1600;4;1035
6950;58;69022;Gasolina;86;1;0;1300;5;1035
9650;67;69000;Gasolina;110;1;0;1600;3;1065
9950;68;68865;Gasolina;110;1;0;1600;3;1065
9250;58;68723;Gasolina;86;0;0;1300;3;1025
8950;63;68453;Gasolina;110;1;0;1600;5;1070
9900;63;68238;Gasolina;86;0;0;1300;5;1050
10995;63;68153;Gasolina;110;1;0;1600;5;1085
10500;;68000;Gasolina;110;0;0;1600;5;1075
8950;;68000;Gasolina;86;1;0;1300;3;1015
9750;67;67762;Gasolina;110;1;0;1600;3;1065
10950;68;67146;Gasolina;110;1;0;1600;5;1075
9750;67;67110;Gasolina;86;1;0;1300;5;1035
9950;59;67010;Gasolina;110;1;0;1600;3;1065
10500;;67003;Gasolina;110;1;0;1600;4;1035
10400;68;66785;Gasolina;86;0;1;1300;3;1045
8800;68;66550;Gasolina;86;0;0;1332;3;1010
10500;61;66259;Gasolina;110;1;0;1600;3;1065
9250;62;66082;Gasolina;110;0;0;1600;5;1070
7800;;66000;Gasolina;86;1;0;1300;3;1015
9950;61;66000;Gasolina;110;0;0;1600;3;1050
10750;63;65896;Gasolina;110;1;0;1600;3;1065
10950;67;65785;Gasolina;110;1;0;1600;5;1075
9950;;65513;Gasolina;110;1;1;1600;4;1070
9950;59;65463;Gasolina;110;1;0;1600;5;1070
8100;68;65400;Gasolina;86;1;0;1300;4;1000
9250;60;65259;Gasolina;110;1;0;1600;3;1050
7800;64;65000;Gasolina;110;1;0;1600;3;1050
9000;68;65000;Gasolina;110;0;0;1600;5;1070
8950;57;65000;Gasolina;110;0;0;1600;4;1035
8950;62;64966;Gasolina;86;0;0;1300;3;1020
9950;68;64950;Gasolina;110;1;0;1600;5;1075
8500;60;64914;Gasolina;110;1;0;1600;5;1070
7995;62;64797;Gasolina;110;1;0;1600;5;1075
8750;;64772;Gasolina;110;1;0;1600;3;1050
9750;63;64690;Gasolina;86;0;0;1300;3;1020
10950;;64630;Gasolina;110;0;0;1600;5;1070
9750;67;64613;Gasolina;110;1;0;1600;5;1085
8200;60;64383;Gasolina;86;0;0;1300;3;1015
8950;68;64000;Gasolina;110;0;0;1600;5;1075
9500;66;63881;Gasolina;86;0;0;1300;3;1015
10950;58;63870;Diesel;72;0;0;2000;5;1135
9750;66;63328;Gasolina;86;0;1;1300;5;1065
9950;;63000;Gasolina;86;1;1;1300;5;1065
10450;61;63000;Gasolina;86;0;1;1300;3;1050
9850;;62396;Gasolina;110;0;0;1600;3;1050
9450;62;62377;Gasolina;110;1;0;1600;5;1075
10295;67;62316;Gasolina;110;1;0;1600;3;1050
9750;68;62292;Gasolina;110;1;0;1600;3;1065
8950;;62225;Gasolina;110;1;0;1600;3;1050
9900;68;62222;Gasolina;110;0;0;1600;5;1075
8750;66;62135;Gasolina;86;1;0;1300;5;1035
9950;58;62024;Gasolina;110;1;0;1600;5;1075
8500;60;61977;Gasolina;86;1;0;1300;3;1015
9950;62;61930;Gasolina;110;1;0;1600;4;1035
10950;57;61682;Gasolina;110;0;0;1600;3;1050
9795;68;61568;Gasolina;110;1;0;1600;4;1035
8750;68;61504;Gasolina;110;1;0;1600;4;1035
8250;;61384;Gasolina;110;1;0;1600;3;1050
9950;58;61343;Gasolina;110;1;0;1600;5;1075
9950;62;61254;Gasolina;110;0;0;1600;5;1075
10500;59;61166;Gasolina;110;1;0;1600;3;1050
9750;62;61149;Gasolina;86;1;0;1300;5;1040
11250;61;61144;Gasolina;110;1;0;1600;5;1090
8900;59;61127;Gasolina;110;1;0;1600;3;1050
7950;60;61100;Gasolina;86;1;0;1300;3;1015
11500;68;61100;Gasolina;110;1;0;1600;5;1075
9450;57;61000;Gasolina;110;1;0;1600;3;1050
7995;;60724;Gasolina;86;1;0;1300;3;1015
10995;59;60708;Gasolina;86;1;0;1300;5;1045
8950;61;60532;Gasolina;110;1;0;1600;3;1050
8250;67;60000;Gasolina;86;0;1;1300;4;1030
8950;66;60000;Gasolina;86;1;0;1300;3;1015
8950;;60000;Gasolina;86;1;0;1300;3;1015
9500;62;59295;Gasolina;86;0;0;1300;5;1035
7500;;59264;Gasolina;86;0;0;1300;3;1015
8950;63;59000;Gasolina;110;0;0;1600;3;1050
9950;63;59000;Gasolina;86;1;0;1300;5;1035
9750;;59000;Gasolina;110;0;0;1600;5;1075
9450;61;59000;Gasolina;110;1;0;1600;5;1070
9950;;59000;Gasolina;110;0;0;1600;3;1050
9750;68;58860;Gasolina;110;1;0;1600;3;1055
8950;;58829;Gasolina;110;0;0;1600;3;1050
8250;66;58654;Gasolina;110;1;0;1600;5;1070
7750;;58300;Gasolina;86;1;0;1300;3;1015
8950;60;58269;Gasolina;110;1;0;1600;3;1050
9950;64;58136;Gasolina;110;1;0;1600;5;1075
9450;66;58113;Gasolina;107;1;1;1600;3;1085
12950;67;58058;Gasolina;110;1;0;1600;3;1065
9950;58;58000;Gasolina;110;1;0;1600;3;1050
10495;62;58000;Gasolina;110;1;0;1600;3;1065
7950;68;57565;Gasolina;86;1;0;1300;5;1035
10500;63;57413;Gasolina;107;0;1;1600;5;1115
8950;;57374;Gasolina;110;1;0;1600;5;1075
9900;62;57179;Gasolina;110;1;0;1600;5;1075
9995;61;57169;Gasolina;110;1;0;1600;3;1065
9950;63;57124;Gasolina;110;1;0;1600;3;1065
9950;63;57000;Gasolina;110;1;0;1600;3;1050
8250;67;57000;Gasolina;110;0;0;1600;3;1050
9950;63;57000;Gasolina;86;1;0;1300;5;1035
8950;59;56259;Gasolina;86;0;0;1300;3;1015
10950;62;56209;Gasolina;107;1;1;1600;3;1080
9250;67;56074;Gasolina;86;0;0;1300;4;1000
9950;63;55942;Gasolina;110;1;0;1600;5;1070
9995;57;55844;Gasolina;86;1;0;1300;5;1045
8750;61;55747;Gasolina;86;0;0;1300;3;1020
10950;58;55478;Gasolina;86;0;0;1300;5;1045
10350;60;55085;Gasolina;107;0;1;1600;5;1105
9950;;55061;Gasolina;110;1;0;1600;5;1070
8950;;55000;Gasolina;86;1;0;1300;3;1015
10950;57;55000;Gasolina;110;0;0;1600;5;1075
10950;63;54936;Gasolina;110;1;0;1600;5;1075
8950;68;54875;Gasolina;110;1;0;1600;5;1070
8900;67;54847;Gasolina;110;0;0;1600;3;1050
10250;60;54554;Gasolina;110;1;0;1600;3;1065
9450;61;54125;Gasolina;110;1;0;1600;5;1035
9250;61;54000;Gasolina;110;1;0;1600;3;1055
10500;57;54000;Gasolina;110;1;0;1600;5;1075
7350;58;54000;Gasolina;86;0;0;1300;5;1035
10250;57;54000;Gasolina;110;1;0;1600;3;1135
10250;62;53285;Gasolina;110;1;0;1600;5;1075
11500;;53053;Gasolina;110;1;0;1600;5;1075
8950;68;53000;Gasolina;110;1;1;1587;3;1075
7750;68;53000;Gasolina;86;0;0;1300;3;1015
9500;64;52968;Gasolina;110;1;0;1600;3;1050
8450;67;52800;Gasolina;86;1;0;1300;3;1015
8950;57;52548;Gasolina;110;0;0;1600;3;1050
8400;60;52487;Gasolina;110;1;0;1600;4;1035
9250;66;52383;Gasolina;86;0;0;1300;3;1015
8900;61;52112;Gasolina;110;1;0;1600;4;1035
8750;58;51712;Gasolina;110;0;0;1600;3;1050
10950;58;51421;Gasolina;110;0;1;1600;5;1105
8950;61;51235;Gasolina;86;1;0;1300;4;1000
8950;;51000;Gasolina;86;1;0;1300;3;1015
8895;61;50925;Gasolina;110;1;0;1600;5;1070
9390;66;50806;Gasolina;86;0;0;1300;3;1480
8750;59;50469;Gasolina;110;1;0;1600;5;1070
9750;61;50173;Gasolina;110;1;0;1600;5;1075
9950;62;50000;Gasolina;110;1;0;1600;5;1075
10950;;49942;Gasolina;110;0;0;1600;3;1065
9900;67;49585;Gasolina;110;0;0;1600;5;1085
9500;62;49258;Gasolina;110;1;0;1600;4;1035
9950;61;49000;Gasolina;110;0;0;1600;3;1050
9950;63;48738;Gasolina;110;0;0;1600;5;1055
10500;62;47750;Gasolina;86;1;0;1300;5;1040
9950;63;47612;Gasolina;86;0;0;1300;3;1015
10495;68;47500;Gasolina;86;1;0;1300;5;1035
9500;66;47237;Gasolina;110;0;0;1600;3;1050
8500;58;47171;Gasolina;86;1;0;1300;3;1015
10450;60;47060;Gasolina;110;0;0;1600;4;1035
8950;;47014;Gasolina;86;1;0;1300;3;1015
9900;59;46929;Gasolina;86;1;0;1300;3;1025
8900;63;46000;Gasolina;86;0;0;1300;5;1035
8745;;45681;Gasolina;110;0;0;1600;3;1050
8750;;45549;Gasolina;86;1;0;1300;3;1015
10750;57;45000;Gasolina;110;1;0;1600;5;1050
9750;57;45000;Gasolina;110;1;0;1600;3;1050
8850;;45000;Gasolina;110;0;0;1600;5;1075
7950;66;45000;Gasolina;86;1;0;1300;5;1035
9450;63;45000;Gasolina;110;1;0;1600;4;1035
9950;61;45000;Gasolina;107;0;1;1600;3;1085
8250;63;44944;Gasolina;110;1;0;1600;4;1035
9950;61;44597;Gasolina;86;0;0;1300;3;1015
9995;68;44458;Gasolina;86;0;0;1300;3;1015
9950;59;43818;Gasolina;110;0;0;1600;5;1070
10495;60;43426;Gasolina;110;1;0;1600;5;1070
7950;58;43000;GNC;110;1;1;1600;4;1114
8950;68;43000;Gasolina;110;1;0;1600;5;1035
9695;57;43000;Gasolina;110;0;0;1600;5;1075
7750;64;43000;Gasolina;86;0;0;1300;3;1015
9950;68;42750;Gasolina;110;1;0;1600;3;1050
9950;67;42102;Gasolina;110;1;0;1600;5;1075
9950;63;41586;Gasolina;110;1;0;1600;5;1114
9900;64;41200;Gasolina;110;0;0;1600;5;1070
10950;57;40214;Gasolina;86;0;0;1300;3;1025
8950;60;40000;Gasolina;86;1;0;1300;4;1000
8950;66;39222;Gasolina;86;1;1;1300;3;1045
8250;66;39144;Gasolina;110;1;0;1600;3;1050
10250;62;39000;Gasolina;110;1;0;1600;5;1075
8750;61;38019;Gasolina;110;1;0;1600;5;1070
9750;68;37759;Gasolina;110;1;0;1600;5;1070
10950;61;37500;Gasolina;110;0;0;1600;5;1085
10950;60;37111;Gasolina;110;1;0;1600;3;1050
9750;62;37000;Gasolina;86;0;0;1300;3;1015
8900;59;36954;Gasolina;110;1;0;1600;3;1050
9500;60;36943;Gasolina;110;0;0;1600;5;1070
9950;63;36923;Gasolina;86;0;0;1300;5;1050
9950;66;36658;Gasolina;110;0;0;1600;3;1050
8250;;36000;Gasolina;86;1;0;1300;3;1015
10450;;36000;Gasolina;110;1;0;1600;3;1065
10950;62;35512;Gasolina;110;1;0;1600;3;1065
9250;;35283;Gasolina;86;1;0;1300;3;1015
8900;68;35000;Gasolina;110;1;0;1600;3;1050
10900;57;35000;Gasolina;86;1;0;1300;5;1045
9750;64;34114;Gasolina;110;0;0;1600;3;1050
11950;58;34000;Gasolina;110;0;0;1600;5;1075
7900;68;33847;Gasolina;86;1;0;1300;4;1000
10900;57;33535;Gasolina;110;0;0;1600;4;1035
10450;;33000;Gasolina;110;0;0;1600;3;1050
10950;59;32150;Gasolina;110;1;0;1600;5;1085
9950;;31588;Gasolina;86;1;0;1300;3;1015
10750;60;31480;Gasolina;110;1;0;1600;3;1065
9900;57;31307;Gasolina;110;1;0;1600;5;1070
10750;68;31000;Gasolina;110;1;0;1600;4;1035
10450;58;30634;Gasolina;110;1;0;1600;5;1075
9450;68;30300;Gasolina;86;1;0;1300;4;1000
10750;60;28500;Gasolina;86;1;1;1300;3;1045
10950;60;28500;Gasolina;110;0;0;1600;5;1075
10000;57;28000;Gasolina;86;0;0;1300;3;1015
10500;68;26698;Gasolina;110;0;0;1600;3;1055
12500;62;26000;Gasolina;107;0;1;1600;3;1085
8950;62;25505;Gasolina;86;1;0;1300;5;1035
10500;58;25000;Gasolina;110;1;0;1600;5;1075
9245;66;22835;Gasolina;110;1;0;1600;3;1050
10950;59;22705;Gasolina;110;1;0;1600;5;1075
9500;63;22178;Gasolina;86;1;0;1300;3;1015
10900;62;17345;Gasolina;110;1;0;1600;3;1050
10950;67;15535;Gasolina;86;1;1;1300;4;1030
9450;66;15110;Gasolina;86;0;0;1300;5;1035
5900;73;232940;Diesel;72;0;0;2000;5;1172
6950;79;218118;Diesel;72;0;0;2000;5;1150
6000;78;217764;Diesel;72;1;0;2000;5;1135
5250;79;207114;GNC;110;1;0;1600;5;1114
4400;74;203254;Diesel;72;1;0;2000;3;1135
6750;77;200732;Diesel;72;1;0;2000;4;1100
8500;69;197501;Diesel;72;0;0;2000;5;1135
6150;80;194765;Diesel;72;0;0;2000;3;1120
6950;76;191620;Diesel;72;0;0;2000;5;1150
5750;76;183277;Diesel;72;0;0;2000;3;1115
8750;78;180378;Diesel;72;1;0;2000;4;1100
6500;70;178800;Diesel;72;0;0;2000;3;1115
5950;73;176177;Gasolina;110;1;0;1600;5;1075
6500;78;176000;Gasolina;86;0;0;1300;5;1035
10500;77;172980;Diesel;72;1;0;2000;5;1135
8500;77;170000;Diesel;72;0;0;2000;4;1100
7950;71;164000;Gasolina;110;1;0;1600;3;1050
5800;78;161775;Gasolina;86;1;0;1300;3;1015
6750;80;160000;Gasolina;86;0;0;1300;3;1015
6950;78;159968;Diesel;72;0;0;2000;3;1115
5740;74;159908;Gasolina;110;0;0;1600;3;1050
6550;73;158492;Gasolina;86;0;0;1300;3;1015
8950;69;156204;Diesel;72;1;0;2000;3;1115
6750;73;156169;Gasolina;86;1;0;1300;5;1035
7950;78;155210;Gasolina;110;0;0;1600;3;1050
7950;69;155000;Diesel;72;0;0;2000;3;1115
7450;76;154900;Diesel;72;1;0;2000;5;1140
7750;70;151300;Diesel;72;1;0;2000;5;1150
6450;71;151000;GNC;110;1;0;1600;5;1094
7900;75;150000;Diesel;72;1;0;2000;3;1135
6900;69;146304;Diesel;72;1;0;2000;3;1115
5600;75;146197;Gasolina;86;0;0;1300;3;1015
5950;77;145996;Gasolina;110;0;0;1600;4;1035
6950;80;143560;Gasolina;86;1;1;1300;3;1045
7950;71;139145;Diesel;73;0;0;2000;2;1115
8950;79;138500;Gasolina;86;0;0;1300;5;1050
7950;74;137741;Diesel;90;1;0;2000;5;1135
9500;80;137178;Diesel;90;1;0;2000;5;1135
8600;76;134889;Diesel;72;1;0;2000;3;1115
5950;71;134660;Diesel;72;0;0;2000;5;1135
7750;73;134539;Gasolina;110;0;0;1600;5;1070
7950;79;131500;Diesel;72;0;0;2000;5;1140
6950;77;131307;Gasolina;110;1;0;1600;3;1050
7250;74;130025;Gasolina;110;1;0;1600;3;1050
6500;78;130000;Gasolina;86;0;0;1300;5;1015
7250;77;128960;Gasolina;110;1;0;1600;5;1070
9250;80;128351;Gasolina;110;1;0;1600;5;1070
8250;73;128006;Gasolina;110;1;0;1600;3;1050
7250;71;127159;Diesel;72;1;0;2000;3;1115
5250;72;126478;Gasolina;110;1;0;1600;4;1035
7900;77;126000;Gasolina;110;1;0;1600;5;1050
6900;76;125778;Gasolina;110;0;0;1600;3;1050
7900;75;125400;Gasolina;110;0;0;1600;3;1050
7250;74;124910;Diesel;72;0;0;2000;5;1135
8450;70;124743;Gasolina;110;1;0;1600;3;1050
7950;76;124591;Gasolina;110;1;0;1600;5;1075
7950;74;124057;Gasolina;110;1;0;1600;3;1050
6450;72;123403;Gasolina;110;1;0;1600;3;1050
6650;75;123104;Gasolina;110;1;0;1600;5;1070
7950;74;123077;Gasolina;86;1;0;1300;3;1015
7250;80;122820;Gasolina;86;0;0;1300;5;1040
7450;77;122290;Gasolina;110;0;0;1600;3;1050
7950;74;121900;Gasolina;110;1;0;1600;4;1035
7250;77;121545;Gasolina;110;1;0;1600;5;1070
8250;71;120474;Diesel;72;1;0;2000;3;1115
8950;76;120263;Diesel;72;1;0;2000;5;1135
7750;74;120196;Gasolina;110;1;0;1600;3;1050
8500;71;120000;Gasolina;110;0;0;1600;5;1085
7750;78;120000;Gasolina;110;0;0;1600;5;1075
5750;73;115877;Gasolina;110;0;0;1600;4;1035
6900;76;115345;Gasolina;110;1;0;1600;5;1070
6500;71;115157;Gasolina;110;1;0;1600;3;1050
6500;78;115000;Gasolina;107;1;1;1600;5;1100
7600;77;114258;Gasolina;86;1;0;1300;5;1050
8950;73;112963;Diesel;72;1;0;2000;5;1135
7450;74;112307;Gasolina;110;1;0;1600;5;1070
7350;72;112000;Gasolina;86;1;0;1300;3;1015
7750;73;111602;Gasolina;86;1;0;1300;3;1015
7460;80;111392;GNC;110;0;0;1598;3;1083
9250;76;110901;Gasolina;110;1;0;1600;5;1085
7250;80;110887;Gasolina;110;1;0;1600;3;1055
6500;72;110634;Gasolina;86;1;0;1300;3;1015
6800;80;110000;Gasolina;110;1;0;1600;4;1035
8700;75;109540;Gasolina;110;0;0;1600;5;1085
7500;78;109263;Gasolina;110;0;0;1600;5;1070
7750;71;107516;Gasolina;110;1;0;1600;3;1050
7950;73;107108;Gasolina;110;1;0;1600;3;1050
9950;75;107000;Gasolina;110;1;0;1600;3;1050
6640;74;106250;Gasolina;110;0;0;1600;5;1070
8750;71;106150;Gasolina;86;0;0;1300;3;1015
7750;72;106108;Gasolina;110;1;0;1600;3;1050
5950;72;105856;Gasolina;86;0;0;1300;3;1015
6750;77;105152;Gasolina;86;0;0;1300;3;1015
6500;80;105135;Gasolina;110;1;0;1600;3;1050
8750;76;104344;Gasolina;110;1;0;1600;3;1050
7950;74;104150;Gasolina;110;1;0;1600;3;1050
6750;74;104000;Gasolina;86;1;0;1300;3;1010
7950;73;103121;Gasolina;86;1;0;1300;5;1035
7950;80;102300;Gasolina;86;1;0;1300;3;1015
8950;75;102005;Gasolina;107;1;1;1600;5;1105
7750;77;102000;Gasolina;86;1;0;1300;3;1015
6450;75;101855;Gasolina;110;1;0;1600;5;1070
6900;74;101773;Gasolina;110;0;0;1600;3;1050
8450;75;101159;Gasolina;110;1;0;1600;5;1085
6750;74;101000;Gasolina;86;0;0;1300;3;1015
8050;74;100732;Gasolina;86;1;1;1300;4;1030
9500;79;100719;Gasolina;110;0;0;1600;5;1070
7750;78;100487;Gasolina;110;0;0;1600;4;1035
8500;80;100458;Gasolina;110;0;0;1600;5;1085
7795;75;100192;Gasolina;110;1;0;1600;3;1050
6490;80;100123;Gasolina;110;1;0;1600;3;1050
7950;73;99971;Gasolina;110;1;0;1600;3;1050
6425;79;99397;Gasolina;86;0;0;1300;5;1035
8950;69;99374;Gasolina;86;1;0;1300;5;1035
6950;72;99245;Gasolina;110;1;0;1600;5;1114
8750;79;98742;Gasolina;110;0;0;1600;5;1085
8450;71;98154;Gasolina;110;1;0;1600;3;1050
7950;77;98000;Gasolina;110;1;0;1600;5;1065
7950;80;97548;Gasolina;86;0;0;1300;5;1035
8900;78;97534;Gasolina;110;1;0;1600;5;1070
8950;73;97494;Gasolina;110;1;0;1600;5;1085
8900;73;97085;Gasolina;110;1;0;1600;5;1085
7950;69;97000;Gasolina;110;0;0;1600;4;1035
6495;74;96302;Gasolina;86;1;0;1300;3;1015
7250;78;96000;Gasolina;86;1;0;1300;3;1015
9250;74;96000;Gasolina;110;1;0;1600;5;1085
6650;78;95909;Gasolina;110;1;0;1600;5;1070
6990;79;95700;Gasolina;110;0;0;1600;5;1085
7750;78;95651;Gasolina;110;1;0;1600;5;1070
6950;79;95000;Gasolina;86;1;0;1300;5;1035
7250;80;94447;Gasolina;110;0;0;1600;3;1050
9950;80;94079;Gasolina;110;1;0;1600;5;1085
9250;80;93841;Gasolina;110;0;0;1600;5;1070
7200;79;93090;Gasolina;86;1;0;1300;5;1035
8250;72;93066;Gasolina;110;1;0;1600;5;1075
8950;79;93039;Gasolina;110;1;0;1600;3;1050
8250;77;93000;Gasolina;110;1;0;1600;5;1075
6250;80;92830;Gasolina;86;1;0;1300;3;1015
9900;80;92255;Gasolina;107;0;1;1600;5;1105
7300;80;92096;Gasolina;86;1;0;1300;5;1035
8950;72;91921;Gasolina;86;1;0;1300;3;1020
6500;70;91900;Gasolina;86;1;0;1300;3;1015
7950;78;91399;Gasolina;110;1;0;1600;5;1070
7450;75;91082;Gasolina;110;1;0;1600;3;1050
7950;71;90370;Gasolina;86;1;0;1300;5;1035
8500;78;90345;Gasolina;86;1;0;1300;5;1035
6950;77;90305;Gasolina;86;1;0;1300;3;1015
7950;78;90011;Gasolina;86;0;1;1300;3;1045
6750;77;90000;Gasolina;86;1;0;1300;3;1015
8450;70;89983;Gasolina;110;0;0;1600;3;1055
7500;78;89953;Gasolina;110;0;0;1600;5;1114
8750;74;89800;Diesel;72;1;0;2000;3;1115
8750;79;89739;Gasolina;86;1;0;1300;5;1035
8950;76;89520;Gasolina;110;1;0;1600;3;1050
7450;75;89507;Gasolina;86;0;0;1300;3;1015
9200;69;89096;Gasolina;110;1;0;1600;5;1085
8950;74;88700;Gasolina;110;1;0;1600;3;1050
7850;72;88500;Gasolina;110;1;0;1600;5;1075
6950;73;88186;Diesel;72;1;0;2000;3;1115
7200;75;88000;Gasolina;110;1;0;1600;3;1050
7450;78;87743;Gasolina;110;0;0;1600;3;1055
6750;75;87613;Gasolina;86;0;0;1300;3;1015
7500;73;87358;Gasolina;110;1;0;1600;3;1050
7450;72;87083;Gasolina;110;0;0;1600;4;1035
7950;70;87000;Gasolina;110;1;0;1600;4;1035
7250;78;87000;Gasolina;110;1;0;1600;4;1035
7950;73;87000;Gasolina;86;1;0;1300;3;1015
8250;80;87000;Gasolina;86;1;0;1300;3;1015
8250;72;86860;Gasolina;110;0;0;1600;5;1075
6750;80;86109;Gasolina;110;1;0;1600;3;1055
8750;79;86000;Gasolina;86;1;0;1300;5;1040
8950;80;86000;Gasolina;110;0;0;1600;3;1050
8500;70;85864;Diesel;72;1;0;2000;5;1135
8250;80;85565;Gasolina;110;0;0;1600;5;1070
9450;70;85470;Gasolina;107;0;1;1600;3;1080
7950;73;85200;Gasolina;110;1;0;1600;3;1050
7900;70;85000;Gasolina;110;1;0;1600;3;1055
8500;73;84988;Gasolina;110;1;0;1600;3;1050
8250;79;84966;Gasolina;110;0;0;1600;5;1070
8250;76;84472;Gasolina;110;1;0;1600;5;1070
8950;73;84402;Gasolina;110;1;0;1600;4;1035
7950;74;84123;Gasolina;110;0;0;1600;3;1050
6950;80;84000;Gasolina;110;0;0;1600;5;1075
7250;78;84000;Gasolina;110;1;0;1600;5;1065
7750;77;84000;Gasolina;110;1;0;1600;5;1085
8700;75;83850;Gasolina;110;1;0;1600;3;1055
8950;80;83540;Gasolina;110;1;0;1600;5;1070
6750;76;83405;Gasolina;110;1;0;1600;5;1070
7500;71;83291;Gasolina;110;1;0;1600;5;1070
7950;69;83133;Gasolina;86;0;0;1300;3;1015
8950;71;83047;Gasolina;86;1;1;1300;3;1045
7950;71;82700;Gasolina;110;0;0;1600;3;1050
7450;78;82675;Gasolina;86;0;0;1300;3;1015
5950;78;82595;Gasolina;86;1;0;1300;3;1015
7750;75;82256;Gasolina;110;1;0;1600;3;1050
6950;77;82103;Gasolina;86;1;0;1300;3;1015
8750;80;82021;Gasolina;86;1;0;1300;5;1035
8950;71;82000;Gasolina;110;1;0;1600;5;1075
7495;79;81988;Gasolina;110;1;0;1600;5;1070
7750;76;81930;Gasolina;110;0;0;1600;5;1070
6950;70;81663;Gasolina;110;0;0;1600;3;1050
7990;77;80486;Gasolina;110;1;0;1600;5;1070
7250;78;80000;Gasolina;110;1;0;1600;4;1065
6900;69;79000;Gasolina;86;0;0;1300;3;1015
7750;74;78894;Gasolina;110;0;0;1600;5;1070
7250;78;78689;Gasolina;110;0;0;1600;4;1035
8950;77;78435;Gasolina;86;0;0;1300;3;1015
8500;71;78260;Gasolina;110;0;0;1600;3;1050
7950;72;78120;Gasolina;110;1;0;1600;5;1075
6950;77;77000;Gasolina;86;0;0;1300;3;1015
8000;78;77000;Gasolina;110;0;0;1600;3;1050
7950;75;76382;Gasolina;110;1;0;1600;3;1055
8500;76;76268;Gasolina;86;1;0;1300;3;1015
7490;73;76151;Gasolina;86;1;0;1300;3;1015
8250;80;76000;Gasolina;110;0;0;1600;3;1050
9250;71;76000;Gasolina;110;1;0;1600;5;1070
7950;72;75840;Gasolina;86;0;0;1300;5;1035
9500;77;75799;Gasolina;110;1;0;1600;3;1050
8950;72;75525;Gasolina;110;1;0;1600;3;1114
8450;78;75323;Gasolina;86;1;0;1300;5;1050
7995;79;75322;Gasolina;110;1;0;1600;4;1115
8750;78;75226;Gasolina;110;0;0;1600;4;1035
5950;71;75085;Gasolina;86;0;0;1300;5;1035
8500;73;75000;Gasolina;110;0;0;1600;5;1075
8950;69;75000;Gasolina;86;1;0;1300;4;1000
8750;69;75000;Gasolina;86;1;0;1300;4;1000
7600;78;74926;Gasolina;110;1;0;1600;5;1075
7145;80;74785;Gasolina;110;1;0;1600;5;1070
8450;69;74573;Gasolina;110;1;0;1600;5;1085
5950;75;74567;Gasolina;86;1;0;1300;3;1015
9000;80;74196;Gasolina;110;0;0;1600;5;1075
7250;80;74151;Gasolina;110;1;0;1600;3;1050
7400;75;74096;Gasolina;110;1;0;1600;3;1050
8800;79;74093;Gasolina;110;1;0;1600;5;1075
7750;71;74000;Gasolina;110;0;0;1600;3;1050
7500;75;74000;Gasolina;86;1;0;1300;3;1015
8450;78;73638;Gasolina;86;1;1;1300;4;1015
7400;75;73460;Gasolina;110;1;0;1600;5;1070
7500;80;73200;Gasolina;110;1;0;1600;5;1070
8950;76;73116;Gasolina;110;1;0;1600;5;1075
8950;70;73014;Gasolina;110;1;0;1600;5;1075
7950;77;72703;Gasolina;110;1;0;1600;3;1050
7950;79;72328;Gasolina;110;1;0;1600;5;1075
7950;78;72222;Gasolina;110;1;0;1600;5;1070
8950;71;72128;Gasolina;107;1;1;1600;5;1100
7750;78;72090;Gasolina;110;1;0;1600;5;1070
8250;78;72000;Gasolina;110;1;0;1600;4;1035
7950;78;72000;Gasolina;110;0;0;1600;3;1055
7750;77;71900;Gasolina;86;1;0;1300;3;1015
8500;77;71825;Gasolina;110;0;0;1600;5;1075
6950;80;71740;Gasolina;110;1;0;1600;5;1070
7500;80;71500;Gasolina;110;1;0;1600;4;1035
7750;79;71359;Gasolina;110;1;0;1600;3;1050
5950;79;71263;Gasolina;86;0;0;1300;3;1015
7500;78;71186;Gasolina;110;0;0;1600;3;1050
8950;72;71054;Gasolina;86;0;1;1300;3;1045
7950;76;71000;Gasolina;110;1;0;1600;3;1050
6900;80;70939;Gasolina;110;1;1;1600;5;1100
7450;77;70932;Gasolina;110;1;0;1600;3;1050
8500;80;70597;Gasolina;107;1;1;1600;3;1080
7500;73;70482;Gasolina;110;1;0;1600;5;1075
8750;77;70124;Gasolina;110;1;0;1600;3;1050
7500;76;70039;Gasolina;110;1;0;1600;3;1050
9950;80;69904;Gasolina;110;0;0;1600;5;1070
7950;75;69388;Gasolina;86;0;0;1300;3;1010
9950;75;69320;Gasolina;110;1;0;1600;5;1070
9250;78;69000;Gasolina;110;1;0;1600;5;1075
9250;73;68988;Gasolina;86;1;0;1300;5;1035
9950;79;68945;Gasolina;110;1;0;1600;5;1085
5950;74;68285;Gasolina;110;1;0;1600;3;1050
7995;76;68000;Gasolina;110;1;0;1600;5;1075
8950;70;68000;Gasolina;86;1;1;1300;3;1045
7450;75;67451;Gasolina;86;1;0;1300;4;1000
8250;76;67266;Gasolina;86;1;0;1300;5;1035
8500;78;67255;Gasolina;110;0;0;1600;5;1085
8500;70;67100;Gasolina;110;1;0;1600;5;1075
9400;69;67092;Diesel;72;1;0;2000;3;1115
7250;80;66880;Gasolina;110;1;0;1600;3;1055
8950;79;66855;Gasolina;110;1;0;1600;5;1075
9450;80;66843;Gasolina;110;1;0;1600;5;1075
8500;74;66718;Gasolina;110;1;0;1600;3;1050
6750;80;66168;Gasolina;86;1;0;1300;3;1015
7400;80;65950;Gasolina;110;0;0;1600;5;1070
8950;78;65500;Gasolina;86;1;0;1300;3;1015
6900;80;65307;Gasolina;110;1;0;1600;3;1055
7750;79;65254;Gasolina;86;1;0;1300;3;1015
8950;71;65021;Diesel;72;1;0;2000;3;1115
6950;75;65006;Gasolina;86;1;0;1300;3;1015
8495;77;64280;Gasolina;110;0;0;1600;4;1035
10000;75;64000;Gasolina;107;0;1;1600;3;1085
6999;71;64000;Gasolina;110;1;0;1600;5;1070
8950;80;64000;Gasolina;110;0;0;1600;3;1055
8500;79;63918;Gasolina;110;0;0;1600;4;1035
8750;75;63634;Gasolina;110;1;0;1600;4;1035
7499;80;63500;Gasolina;110;1;0;1600;3;1050
9000;80;63266;Gasolina;110;1;0;1600;4;1035
8950;77;62595;Gasolina;110;1;0;1600;3;1050
6950;80;62581;Gasolina;110;0;0;1600;5;1075
8500;77;62285;Gasolina;110;1;0;1600;5;1075
8450;77;61906;Gasolina;86;1;1;1300;5;1065
8950;74;61700;Gasolina;110;0;0;1600;5;1070
8250;77;61648;Gasolina;110;1;0;1600;5;1070
7950;75;61626;Gasolina;86;0;0;1300;5;1035
7450;70;61510;Gasolina;110;0;0;1600;4;1035
9000;79;61165;Gasolina;107;1;1;1600;3;1080
7150;70;61000;Gasolina;110;1;0;1600;4;1035
7750;76;60833;Gasolina;110;1;0;1600;4;1035
5845;70;60600;Gasolina;86;0;0;1300;3;1060
8500;72;60483;Gasolina;110;1;0;1600;5;1075
8250;80;60476;Gasolina;110;1;0;1600;5;1114
9450;79;60142;Gasolina;110;0;0;1600;3;1050
6750;69;60050;Gasolina;110;1;0;1600;3;1050
8400;77;60000;Gasolina;110;1;0;1600;3;1050
7900;76;60000;Gasolina;110;0;0;1600;3;1050
7950;76;59815;Gasolina;110;1;0;1587;3;1055
8750;80;59326;Gasolina;110;1;0;1600;5;1085
9900;73;59240;Gasolina;110;1;0;1600;3;1050
6495;71;59164;Gasolina;110;0;0;1600;4;1035
8250;70;59017;Gasolina;107;1;1;1600;3;1080
6900;69;58952;Gasolina;110;1;0;1600;3;1050
7500;74;58454;Gasolina;86;1;0;1300;3;1015
7950;75;58341;Gasolina;86;1;1;1300;4;1030
8250;80;58267;Gasolina;110;1;0;1600;5;1070
8950;80;58000;Gasolina;110;0;0;1600;3;1055
9750;70;57829;Gasolina;110;0;0;1600;3;1050
8250;80;57787;Gasolina;86;0;0;1300;3;1015
8900;78;57628;Gasolina;110;0;0;1600;5;1075
8950;75;57537;Gasolina;86;1;0;1300;5;1050
6750;76;57263;Gasolina;110;1;0;1600;3;1050
7950;75;57144;Gasolina;110;1;0;1600;5;1070
8600;69;57096;Gasolina;86;1;0;1300;3;1025
7750;80;57000;Gasolina;86;0;0;1300;4;1000
7800;73;56566;Gasolina;110;1;0;1600;3;1050
8750;73;56307;Gasolina;110;1;0;1600;3;1050
9500;79;56214;Gasolina;86;0;0;1300;3;1015
7750;74;56132;Gasolina;110;0;0;1600;4;1035
9950;79;55425;Gasolina;110;0;0;1600;5;1075
7750;77;54439;Gasolina;86;1;0;1300;3;1015
5950;69;53809;Gasolina;110;1;0;1600;3;1050
10950;76;53133;Gasolina;110;1;0;1600;5;1070
9450;77;52900;Gasolina;110;1;0;1600;4;1075
8250;80;52700;Gasolina;110;0;0;1600;3;1050
9750;69;52320;Gasolina;110;0;0;1600;5;1070
7450;78;52287;Gasolina;110;0;0;1600;5;1114
8750;75;52000;Gasolina;110;0;0;1600;5;1075
8750;69;52000;Gasolina;110;1;0;1600;3;1050
8500;73;52000;Gasolina;110;1;1;1600;4;1065
8950;70;51874;Gasolina;86;0;0;1300;4;1000
7500;79;49827;Gasolina;86;1;0;1300;5;1035
7250;69;49640;Gasolina;110;1;0;1600;4;1035
7450;80;49580;Gasolina;110;1;0;1600;4;1035
8750;76;49170;Gasolina;86;0;0;1300;3;1045
9800;77;48838;Gasolina;110;0;0;1600;3;1055
7500;71;48576;Gasolina;86;1;0;1300;3;1015
8950;75;48400;Gasolina;110;1;0;1600;5;1075
8950;74;48242;Gasolina;86;1;0;1300;5;1035
7450;70;47955;Gasolina;110;1;0;1600;5;1070
8950;71;47633;Gasolina;110;1;0;1600;5;1075
10500;78;47400;Gasolina;86;1;0;1300;5;1040
7000;73;47360;Gasolina;86;0;0;1300;3;1010
8500;77;45507;Gasolina;110;1;0;1600;3;1050
7750;76;45410;Gasolina;86;1;0;1300;5;1035
8950;70;44850;Gasolina;110;1;0;1600;3;1050
8250;69;44826;Gasolina;110;0;0;1600;5;1075
9250;80;44444;Gasolina;110;1;0;1600;3;1050
7900;75;43720;Gasolina;110;1;0;1600;5;1070
8500;78;43622;Gasolina;86;1;0;1300;4;1000
7950;76;43532;Gasolina;110;0;0;1600;5;1070
9950;69;42800;Gasolina;110;1;0;1600;3;1050
8750;74;42317;Gasolina;107;1;1;1600;5;1100
7500;80;42186;Gasolina;110;1;0;1600;3;1050
6950;72;42000;Gasolina;110;1;0;1600;3;1050
8950;79;40093;Gasolina;110;0;0;1600;5;1114
8750;79;39800;Gasolina;107;0;1;1600;3;1080
7750;73;39168;Gasolina;86;0;0;1300;3;1015
8450;75;38945;Gasolina;110;1;0;1600;3;1050
8150;76;36537;Gasolina;110;0;1;1600;4;1075
8500;78;36000;Gasolina;86;0;1;1300;3;1045
7600;78;36000;Gasolina;110;1;0;1600;3;1050
7950;80;35821;Gasolina;86;0;1;1300;3;1015
7750;73;34717;Gasolina;86;0;0;1300;3;1015
7950;80;34000;Gasolina;86;1;0;1300;4;1000
9950;78;30964;Gasolina;110;0;1;1600;3;1080
8950;71;29000;Gasolina;86;1;1;1300;3;1045
8450;72;26000;Gasolina;86;0;0;1300;3;1015
8950;78;24000;Gasolina;86;1;1;1300;5;1065
8450;80;23000;Gasolina;86;0;0;1300;3;1015
7500;69;20544;Gasolina;86;1;0;1300;3;1025
10845;72;19000;Gasolina;86;0;0;1300;3;1015
8500;71;17016;Gasolina;86;0;0;1300;3;1015
7250;70;16916;Gasolina;86;1;0;1300;3;1015
6950;76;1;Gasolina;110;0;0;1600;5;111
